examQid,remedialID
162,1
8027,2
4072,3
4457,4
3813,5
7242,6
9212,7
2562,8
3854,9
6144,10
598,11
4987,12
475,13
1886,14
4757,15
6918,16
8574,17
2446,18
2194,19
1404,20
5988,21
9263,22
2202,23
9036,24
5426,25
2044,26
937,27
5156,28
1014,29
4522,30
5505,31
7847,32
471,33
1411,34
4191,35
4417,36
9973,37
573,38
8867,39
602,40
4646,41
215,42
3555,43
6317,44
7524,45
1291,46
893,47
7032,48
257,49
8772,50
6152,51
5908,52
8491,53
7582,54
9702,55
6386,56
3765,57
7947,58
3582,59
6482,60
10093,61
1562,62
8054,63
9678,64
5148,65
4297,66
1286,67
7567,68
8994,69
2618,70
9432,71
4802,72
8792,73
372,74
386,75
8137,76
4493,77
626,78
1235,79
3563,80
1873,81
4641,82
7045,83
4604,84
4613,85
2974,86
1827,87
5855,88
4295,89
4695,90
462,91
176,92
3133,93
8735,94
2768,95
4771,96
921,97
2368,98
7997,99
8626,100
7996,101
3778,102
5861,103
758,104
8607,105
7891,106
7415,107
8846,108
4104,109
3976,110
8264,111
6753,112
9421,113
6933,114
5835,115
8607,116
4596,117
5122,118
5701,119
3283,120
7657,121
2847,122
10057,123
4878,124
4055,125
363,126
451,127
5521,128
3063,129
3704,130
7446,131
9915,132
7462,133
3013,134
2636,135
4556,136
4975,137
6454,138
3361,139
6364,140
2436,141
6862,142
9178,143
6363,144
337,145
3971,146
5882,147
2401,148
5322,149
2262,150
5081,151
3071,152
6892,153
4403,154
9412,155
7792,156
7257,157
284,158
458,159
968,160
8296,161
4943,162
352,163
4232,164
5467,165
721,166
5678,167
2753,168
9255,169
7343,170
5502,171
9092,172
1251,173
2401,174
5502,175
5512,176
9667,177
712,178
9105,179
9022,180
7028,181
4076,182
5165,183
2975,184
1676,185
2803,186
6042,187
6593,188
5703,189
2821,190
3594,191
2557,192
2863,193
3206,194
1753,195
6777,196
575,197
4902,198
9468,199
9507,200
2326,201
2314,202
1601,203
3987,204
6626,205
6113,206
8268,207
2038,208
3888,209
6436,210
8864,211
1992,212
8516,213
725,214
1637,215
6441,216
4094,217
8126,218
7947,219
404,220
4748,221
3731,222
9216,223
285,224
3478,225
5134,226
3331,227
8433,228
1824,229
5957,230
9924,231
1383,232
6508,233
3611,234
8935,235
1373,236
323,237
2081,238
5164,239
9065,240
9963,241
7066,242
7082,243
3392,244
7146,245
1888,246
8737,247
264,248
4782,249
2854,250
1691,251
7863,252
6397,253
6374,254
8124,255
6552,256
7347,257
7845,258
6285,259
3437,260
8735,261
3807,262
566,263
4456,264
2683,265
2988,266
4306,267
8206,268
6502,269
4862,270
8185,271
6352,272
4366,273
8998,274
6154,275
7701,276
3638,277
5805,278
2143,279
767,280
6782,281
9946,282
6231,283
7132,284
6006,285
4592,286
638,287
396,288
8308,289
7981,290
5176,291
4591,292
8427,293
6932,294
8275,295
3368,296
1248,297
2694,298
5954,299
2888,300
9803,301
8536,302
6934,303
4136,304
2143,305
9116,306
9923,307
7958,308
5352,309
2156,310
7055,311
2831,312
8813,313
9962,314
8126,315
4928,316
6537,317
4624,318
5641,319
2301,320
5481,321
2661,322
1204,323
6133,324
1382,325
5251,326
6572,327
5161,328
5966,329
4482,330
2597,331
4302,332
3424,333
7665,334
528,335
4101,336
1691,337
5738,338
9828,339
6725,340
2046,341
2062,342
8194,343
2772,344
4876,345
5862,346
5378,347
376,348
2391,349
9351,350
3447,351
5144,352
2704,353
9483,354
7968,355
865,356
6636,357
7243,358
1373,359
4472,360
5315,361
9634,362
9598,363
9883,364
1047,365
6328,366
488,367
6483,368
7091,369
3824,370
8752,371
7042,372
2043,373
2322,374
758,375
5472,376
3692,377
9166,378
5507,379
2112,380
6525,381
4051,382
5823,383
7486,384
8138,385
4611,386
7628,387
145,388
1794,389
3788,390
8122,391
6422,392
2095,393
871,394
6636,395
7553,396
7793,397
10046,398
6897,399
1045,400
5781,401
2654,402
9092,403
2426,404
4141,405
5014,406
432,407
6291,408
9257,409
1874,410
5554,411
8296,412
3341,413
2565,414
204,415
287,416
7545,417
5643,418
2826,419
615,420
5893,421
4328,422
816,423
8531,424
8627,425
431,426
10031,427
5713,428
6378,429
2897,430
8392,431
906,432
4723,433
7187,434
3726,435
6881,436
7621,437
7902,438
488,439
2988,440
295,441
5506,442
3996,443
6611,444
6757,445
173,446
9312,447
4988,448
7164,449
8737,450
5722,451
1713,452
8453,453
6863,454
4898,455
4957,456
3871,457
10074,458
7542,459
3241,460
966,461
8483,462
6013,463
3906,464
9436,465
5745,466
5058,467
2004,468
1282,469
183,470
7574,471
9006,472
804,473
3023,474
7875,475
5213,476
216,477
715,478
585,479
2548,480
2754,481
1497,482
8952,483
10082,484
7555,485
2752,486
6286,487
2264,488
145,489
1083,490
6448,491
7577,492
4276,493
2802,494
321,495
2205,496
5923,497
4246,498
5967,499
2755,500
3444,501
3458,502
6886,503
1143,504
9505,505
5943,506
4712,507
1785,508
7636,509
8512,510
6746,511
2487,512
1515,513
1042,514
5638,515
6117,516
1757,517
9994,518
9462,519
6531,520
253,521
5215,522
5473,523
7605,524
1427,525
8495,526
9474,527
6524,528
658,529
1013,530
8854,531
1696,532
2907,533
5007,534
2184,535
5717,536
9437,537
5307,538
1543,539
6406,540
3418,541
8363,542
5233,543
6725,544
9207,545
3051,546
7463,547
5504,548
1063,549
8031,550
9383,551
2395,552
3631,553
5672,554
933,555
761,556
7061,557
1563,558
5954,559
8062,560
607,561
1003,562
6595,563
907,564
8954,565
4512,566
9628,567
6653,568
1242,569
4556,570
7812,571
5796,572
523,573
5547,574
8766,575
4782,576
3032,577
5602,578
8503,579
9598,580
4028,581
6782,582
532,583
5941,584
2121,585
4212,586
1551,587
5925,588
2455,589
5605,590
7922,591
6577,592
1288,593
2536,594
634,595
4866,596
381,597
2128,598
3941,599
1226,600
6996,601
4728,602
9596,603
9075,604
4307,605
2945,606
5747,607
8577,608
8747,609
5337,610
9478,611
1203,612
8737,613
5685,614
8825,615
2763,616
7082,617
2116,618
4603,619
538,620
3212,621
4701,622
6895,623
2313,624
621,625
2495,626
4808,627
6615,628
5508,629
7542,630
317,631
4318,632
7344,633
8305,634
4418,635
2964,636
6774,637
5838,638
6014,639
7633,640
1635,641
337,642
4473,643
5515,644
4706,645
4664,646
9706,647
8945,648
355,649
1145,650
6893,651
3482,652
3488,653
4371,654
1995,655
7907,656
3164,657
8236,658
1521,659
9673,660
4101,661
9946,662
4442,663
2252,664
3403,665
6325,666
1236,667
6582,668
2323,669
8065,670
847,671
2906,672
334,673
5322,674
5163,675
5337,676
10017,677
2197,678
7174,679
9126,680
2338,681
3537,682
5701,683
3153,684
6007,685
8694,686
3783,687
1682,688
5877,689
5683,690
2688,691
6118,692
4472,693
8066,694
9593,695
9902,696
6773,697
1271,698
5652,699
8567,700
4873,701
4906,702
10087,703
6801,704
9165,705
8371,706
4668,707
2028,708
4191,709
9164,710
7628,711
346,712
4875,713
2014,714
703,715
7474,716
4927,717
2232,718
2335,719
6274,720
4285,721
1234,722
714,723
9475,724
5425,725
2061,726
2411,727
3592,728
9535,729
6098,730
6623,731
7083,732
8824,733
202,734
2135,735
7393,736
4847,737
7083,738
5633,739
308,740
6265,741
3085,742
5068,743
8206,744
9323,745
7855,746
7263,747
3884,748
3931,749
9064,750
7255,751
1925,752
6303,753
3687,754
9435,755
3741,756
5281,757
1607,758
8094,759
9161,760
1367,761
412,762
1672,763
9807,764
7136,765
9231,766
9707,767
7084,768
4582,769
7618,770
212,771
3457,772
4802,773
4841,774
3976,775
7825,776
7522,777
2821,778
4098,779
1263,780
7174,781
2791,782
9582,783
8396,784
7453,785
9446,786
293,787
1474,788
3796,789
5911,790
405,791
1968,792
5313,793
9088,794
7835,795
3942,796
3252,797
5833,798
1207,799
5874,800
3166,801
7578,802
1047,803
4276,804
7877,805
3868,806
1231,807
5763,808
9873,809
9148,810
8492,811
8012,812
9298,813
371,814
7955,815
7846,816
4693,817
4428,818
7127,819
6676,820
9295,821
3686,822
6463,823
7856,824
1051,825
1731,826
2636,827
10044,828
3007,829
4331,830
7434,831
5203,832
8763,833
2164,834
302,835
6044,836
5017,837
8173,838
1312,839
6178,840
7255,841
9562,842
8202,843
2047,844
1586,845
3484,846
3414,847
9075,848
2586,849
6955,850
418,851
948,852
575,853
5096,854
9066,855
2183,856
1617,857
1295,858
4074,859
4355,860
8885,861
9522,862
7746,863
5072,864
7132,865
893,866
1571,867
2521,868
5257,869
9108,870
8217,871
5635,872
2948,873
4378,874
507,875
1774,876
594,877
9093,878
5561,879
5203,880
9051,881
2945,882
4966,883
9248,884
5956,885
9821,886
4376,887
787,888
7657,889
9304,890
9668,891
6476,892
3844,893
5726,894
1986,895
6918,896
3552,897
8965,898
7016,899
5065,900
6201,901
4681,902
8352,903
211,904
6874,905
6321,906
4131,907
6071,908
9524,909
9834,910
5434,911
5031,912
566,913
9761,914
2211,915
3178,916
5198,917
7058,918
7113,919
9992,920
9328,921
8716,922
6461,923
3606,924
3245,925
6785,926
1433,927
9785,928
5703,929
3982,930
9278,931
9361,932
8804,933
5286,934
5712,935
5504,936
392,937
7625,938
4428,939
1414,940
136,941
751,942
2633,943
9756,944
2173,945
4278,946
4072,947
6738,948
7584,949
6492,950
3436,951
4675,952
152,953
10094,954
2926,955
4385,956
1007,957
8938,958
5925,959
6072,960
8866,961
2103,962
517,963
6764,964
9708,965
845,966
6698,967
6636,968
5338,969
10054,970
1084,971
6687,972
9468,973
6402,974
6278,975
10102,976
1313,977
3862,978
4868,979
3446,980
948,981
6357,982
7106,983
1157,984
9325,985
6395,986
6112,987
6973,988
9612,989
4106,990
4824,991
6736,992
9762,993
1886,994
3373,995
1036,996
9875,997
8878,998
4352,999
9208,1000
2121,1001
4887,1002
416,1003
291,1004
9284,1005
865,1006
7892,1007
7265,1008
3023,1009
5388,1010
6523,1011
6344,1012
3616,1013
7297,1014
4283,1015
5278,1016
372,1017
9141,1018
3532,1019
10011,1020
2976,1021
8527,1022
8931,1023
341,1024
5587,1025
8536,1026
965,1027
5458,1028
5944,1029
266,1030
6032,1031
258,1032
3532,1033
5805,1034
185,1035
1102,1036
2781,1037
8704,1038
6591,1039
1008,1040
5705,1041
4298,1042
473,1043
8951,1044
5346,1045
9473,1046
8726,1047
1438,1048
2488,1049
331,1050
2228,1051
695,1052
6464,1053
7004,1054
7602,1055
9763,1056
1145,1057
608,1058
4974,1059
3788,1060
7914,1061
3487,1062
5737,1063
3468,1064
9974,1065
3126,1066
8631,1067
6563,1068
6517,1069
4956,1070
2935,1071
3492,1072
3438,1073
354,1074
561,1075
3345,1076
5416,1077
642,1078
6596,1079
6438,1080
8237,1081
1484,1082
1643,1083
7671,1084
2073,1085
1933,1086
681,1087
4524,1088
3634,1089
3305,1090
9478,1091
8348,1092
4345,1093
9423,1094
7951,1095
6838,1096
2328,1097
9572,1098
2553,1099
4592,1100
1776,1101
3223,1102
6047,1103
3513,1104
4624,1105
8033,1106
9183,1107
3051,1108
708,1109
964,1110
2613,1111
5637,1112
7778,1113
5562,1114
7853,1115
9095,1116
5163,1117
10036,1118
9446,1119
5585,1120
8815,1121
5186,1122
5202,1123
1937,1124
5237,1125
6553,1126
9551,1127
4046,1128
2915,1129
6422,1130
192,1131
4551,1132
3197,1133
8544,1134
7446,1135
3233,1136
4301,1137
5176,1138
8263,1139
2064,1140
2423,1141
9161,1142
1975,1143
5835,1144
4631,1145
4083,1146
8378,1147
3607,1148
9654,1149
3714,1150
3737,1151
4385,1152
3887,1153
2412,1154
6221,1155
9756,1156
7233,1157
4796,1158
3096,1159
2134,1160
2614,1161
6395,1162
8346,1163
3397,1164
4941,1165
5478,1166
7212,1167
3373,1168
8948,1169
8184,1170
1161,1171
3906,1172
8397,1173
6352,1174
364,1175
473,1176
7994,1177
9048,1178
1223,1179
8411,1180
7067,1181
9686,1182
2916,1183
924,1184
4612,1185
1622,1186
4214,1187
2683,1188
328,1189
3594,1190
5468,1191
5741,1192
2783,1193
773,1194
5257,1195
9535,1196
684,1197
8107,1198
3983,1199
3212,1200
4568,1201
5855,1202
9793,1203
9697,1204
6955,1205
1256,1206
1061,1207
7307,1208
428,1209
1017,1210
3903,1211
3102,1212
4202,1213
352,1214
7782,1215
4723,1216
7227,1217
894,1218
1346,1219
4958,1220
4046,1221
946,1222
2107,1223
1905,1224
5264,1225
2274,1226
8686,1227
1842,1228
3631,1229
991,1230
8802,1231
5388,1232
8601,1233
2671,1234
7523,1235
4877,1236
6894,1237
2115,1238
703,1239
743,1240
2096,1241
4872,1242
4418,1243
4883,1244
2578,1245
1472,1246
7693,1247
8661,1248
8455,1249
5912,1250
2174,1251
344,1252
6466,1253
9173,1254
6054,1255
5271,1256
456,1257
3141,1258
4951,1259
8716,1260
8417,1261
8207,1262
1266,1263
9185,1264
6083,1265
7428,1266
6268,1267
1527,1268
8454,1269
527,1270
3532,1271
7577,1272
5555,1273
211,1274
292,1275
2392,1276
7076,1277
6406,1278
2492,1279
2256,1280
4534,1281
3793,1282
7898,1283
1158,1284
6146,1285
4353,1286
4666,1287
954,1288
201,1289
3211,1290
3732,1291
7121,1292
9206,1293
5277,1294
1457,1295
5322,1296
4457,1297
6533,1298
9393,1299
2206,1300
8515,1301
4735,1302
6187,1303
3171,1304
965,1305
9032,1306
7602,1307
3791,1308
1136,1309
914,1310
3456,1311
7432,1312
1224,1313
2138,1314
201,1315
1162,1316
2128,1317
8806,1318
985,1319
6476,1320
4896,1321
6644,1322
391,1323
5453,1324
8716,1325
5323,1326
896,1327
4996,1328
8764,1329
6861,1330
7852,1331
1875,1332
7318,1333
3456,1334
991,1335
2403,1336
886,1337
4777,1338
5787,1339
7717,1340
9636,1341
8356,1342
427,1343
2745,1344
5726,1345
8067,1346
3157,1347
3634,1348
2973,1349
534,1350
2371,1351
6957,1352
7344,1353
5203,1354
3644,1355
2595,1356
1107,1357
3863,1358
7741,1359
8931,1360
7402,1361
4812,1362
5967,1363
3092,1364
3663,1365
7812,1366
5538,1367
1594,1368
6438,1369
7527,1370
931,1371
1375,1372
5058,1373
3533,1374
2765,1375
118,1376
3798,1377
8222,1378
9412,1379
1376,1380
8678,1381
8976,1382
1863,1383
7038,1384
7943,1385
9204,1386
775,1387
6946,1388
1022,1389
4975,1390
2552,1391
8323,1392
4451,1393
8227,1394
5661,1395
7937,1396
5868,1397
5561,1398
4074,1399
7544,1400
8264,1401
722,1402
2468,1403
3401,1404
2284,1405
763,1406
311,1407
992,1408
1684,1409
9718,1410
163,1411
7666,1412
6845,1413
4053,1414
4902,1415
3758,1416
8533,1417
2331,1418
503,1419
6426,1420
696,1421
2263,1422
6368,1423
2935,1424
7352,1425
3506,1426
9331,1427
893,1428
1777,1429
7824,1430
1315,1431
3693,1432
8441,1433
6361,1434
6485,1435
1955,1436
3788,1437
4846,1438
4342,1439
4403,1440
7062,1441
8241,1442
9971,1443
5306,1444
6514,1445
5203,1446
7406,1447
1757,1448
475,1449
4901,1450
8186,1451
9436,1452
5733,1453
1724,1454
7834,1455
3006,1456
2104,1457
7531,1458
8895,1459
4996,1460
2586,1461
3322,1462
2464,1463
6842,1464
6647,1465
5962,1466
497,1467
4718,1468
4456,1469
1065,1470
4698,1471
2754,1472
4248,1473
1866,1474
9074,1475
8535,1476
7204,1477
2347,1478
3857,1479
7115,1480
4648,1481
595,1482
3507,1483
2934,1484
8372,1485
6958,1486
7985,1487
1176,1488
6147,1489
8617,1490
8677,1491
2811,1492
5177,1493
293,1494
3198,1495
3308,1496
6886,1497
567,1498
3466,1499
1772,1500
8685,1501
1337,1502
743,1503
5084,1504
9968,1505
8196,1506
2035,1507
9193,1508
6996,1509
3006,1510
176,1511
5433,1512
2414,1513
693,1514
2785,1515
6282,1516
3251,1517
2048,1518
7382,1519
6725,1520
4523,1521
1731,1522
596,1523
7372,1524
9791,1525
337,1526
7761,1527
7975,1528
7877,1529
3618,1530
992,1531
8874,1532
8476,1533
2864,1534
2313,1535
3793,1536
1421,1537
3391,1538
10053,1539
1518,1540
5411,1541
9018,1542
9882,1543
2787,1544
5611,1545
6955,1546
3778,1547
7398,1548
4532,1549
2513,1550
5146,1551
374,1552
3711,1553
4226,1554
6092,1555
3164,1556
3304,1557
1697,1558
1828,1559
7161,1560
2661,1561
6153,1562
2034,1563
6105,1564
9187,1565
8524,1566
691,1567
7921,1568
5323,1569
4087,1570
6726,1571
9275,1572
524,1573
8865,1574
8893,1575
4783,1576
4638,1577
662,1578
4728,1579
4684,1580
5895,1581
1471,1582
876,1583
3322,1584
9708,1585
4906,1586
9004,1587
2264,1588
6921,1589
4052,1590
604,1591
5745,1592
1874,1593
9692,1594
4113,1595
1145,1596
4742,1597
2638,1598
4754,1599
9866,1600
6957,1601
7411,1602
4216,1603
3821,1604
902,1605
545,1606
2651,1607
7497,1608
1337,1609
5493,1610
2435,1611
7018,1612
538,1613
5402,1614
6574,1615
6287,1616
9958,1617
8251,1618
773,1619
9153,1620
7517,1621
6598,1622
7845,1623
1008,1624
6641,1625
8154,1626
5227,1627
1194,1628
7616,1629
967,1630
5785,1631
8673,1632
2083,1633
956,1634
5163,1635
9874,1636
6538,1637
6381,1638
6115,1639
5571,1640
8028,1641
1766,1642
5138,1643
883,1644
3105,1645
6467,1646
9917,1647
9513,1648
461,1649
3057,1650
6197,1651
4952,1652
4376,1653
9981,1654
673,1655
5912,1656
9516,1657
1141,1658
978,1659
5853,1660
2694,1661
5911,1662
2662,1663
5777,1664
8861,1665
886,1666
1726,1667
9756,1668
5038,1669
3408,1670
3766,1671
5083,1672
3673,1673
3165,1674
9638,1675
5155,1676
6793,1677
186,1678
2907,1679
3717,1680
6734,1681
4771,1682
4798,1683
5098,1684
7256,1685
1476,1686
1886,1687
8694,1688
665,1689
1612,1690
1287,1691
2321,1692
3412,1693
4187,1694
6665,1695
2142,1696
2091,1697
3841,1698
6546,1699
7228,1700
6401,1701
2032,1702
564,1703
1634,1704
2506,1705
10007,1706
4175,1707
9196,1708
5282,1709
641,1710
5144,1711
10102,1712
6698,1713
1226,1714
1377,1715
715,1716
4478,1717
1726,1718
8607,1719
4234,1720
726,1721
2046,1722
1753,1723
196,1724
3692,1725
9157,1726
6675,1727
8245,1728
8971,1729
7898,1730
2743,1731
5571,1732
9183,1733
2168,1734
2907,1735
2264,1736
3493,1737
4055,1738
5548,1739
9007,1740
2732,1741
3348,1742
5747,1743
8424,1744
4915,1745
9786,1746
8333,1747
7242,1748
4842,1749
891,1750
5555,1751
7894,1752
2737,1753
4445,1754
1334,1755
5722,1756
6973,1757
5623,1758
3972,1759
5047,1760
5263,1761
9701,1762
2956,1763
7581,1764
1466,1765
2298,1766
4798,1767
654,1768
8951,1769
8505,1770
1998,1771
4907,1772
3784,1773
1431,1774
6237,1775
845,1776
8343,1777
7332,1778
7584,1779
5796,1780
6666,1781
7687,1782
6008,1783
6474,1784
7342,1785
9367,1786
7553,1787
8496,1788
8136,1789
6942,1790
7435,1791
3028,1792
7206,1793
6366,1794
9345,1795
6538,1796
2773,1797
3304,1798
1676,1799
4803,1800
721,1801
5121,1802
1285,1803
3856,1804
677,1805
406,1806
5734,1807
7126,1808
3463,1809
9298,1810
1532,1811
861,1812
9714,1813
1321,1814
7571,1815
3412,1816
5656,1817
734,1818
7446,1819
6681,1820
9661,1821
8875,1822
7385,1823
2188,1824
2482,1825
3577,1826
4552,1827
6207,1828
2141,1829
2704,1830
8501,1831
8391,1832
8241,1833
5178,1834
687,1835
5215,1836
9013,1837
4356,1838
4797,1839
7506,1840
6274,1841
4492,1842
3056,1843
5473,1844
1342,1845
1465,1846
3516,1847
7428,1848
9283,1849
8145,1850
8537,1851
6993,1852
6426,1853
5742,1854
4622,1855
4927,1856
5408,1857
372,1858
734,1859
8905,1860
7168,1861
1376,1862
9751,1863
7496,1864
5273,1865
1403,1866
7967,1867
5943,1868
1031,1869
6881,1870
2546,1871
3665,1872
4216,1873
8347,1874
5516,1875
2195,1876
2272,1877
8286,1878
9531,1879
1005,1880
9341,1881
5521,1882
7865,1883
9514,1884
1874,1885
423,1886
9464,1887
286,1888
3666,1889
1471,1890
1494,1891
7432,1892
7858,1893
7804,1894
1347,1895
8683,1896
1256,1897
5068,1898
403,1899
4437,1900
408,1901
3978,1902
503,1903
5843,1904
2331,1905
8708,1906
9875,1907
4065,1908
823,1909
501,1910
812,1911
2861,1912
7431,1913
3418,1914
4871,1915
1925,1916
883,1917
118,1918
794,1919
9704,1920
3496,1921
5913,1922
8031,1923
6986,1924
2772,1925
1905,1926
8732,1927
6107,1928
8992,1929
8901,1930
5755,1931
9584,1932
2268,1933
9252,1934
7785,1935
5721,1936
7096,1937
2934,1938
448,1939
5565,1940
3875,1941
7308,1942
2077,1943
6434,1944
4672,1945
5763,1946
5631,1947
1425,1948
4974,1949
6747,1950
8928,1951
4141,1952
658,1953
8421,1954
4903,1955
9412,1956
945,1957
4081,1958
5902,1959
7292,1960
8878,1961
4175,1962
1305,1963
8817,1964
291,1965
6777,1966
4955,1967
1616,1968
5474,1969
6942,1970
8198,1971
9735,1972
2631,1973
8391,1974
9492,1975
9487,1976
1704,1977
2151,1978
7667,1979
7614,1980
9986,1981
6552,1982
4672,1983
3116,1984
1392,1985
8031,1986
2352,1987
7025,1988
9981,1989
2331,1990
8297,1991
7354,1992
1797,1993
2655,1994
4811,1995
1022,1996
7673,1997
1117,1998
2091,1999
7132,2000
3943,2001
8095,2002
6486,2003
8173,2004
5886,2005
3907,2006
5852,2007
5461,2008
1568,2009
5542,2010
9942,2011
8652,2012
8401,2013
2408,2014
7382,2015
8552,2016
3376,2017
425,2018
4936,2019
5507,2020
9876,2021
7053,2022
882,2023
1896,2024
10067,2025
7537,2026
4513,2027
4594,2028
9057,2029
7313,2030
8793,2031
585,2032
7543,2033
4232,2034
8191,2035
5841,2036
1004,2037
1617,2038
9237,2039
1152,2040
3944,2041
8416,2042
8053,2043
1258,2044
5095,2045
9601,2046
7856,2047
925,2048
933,2049
3684,2050
3858,2051
5261,2052
155,2053
6251,2054
10052,2055
6036,2056
4568,2057
8665,2058
7212,2059
6495,2060
6684,2061
9922,2062
5143,2063
4618,2064
3715,2065
793,2066
5712,2067
5296,2068
6783,2069
3602,2070
1492,2071
2882,2072
912,2073
2776,2074
958,2075
4554,2076
2553,2077
2925,2078
5458,2079
1197,2080
2701,2081
3486,2082
2717,2083
1961,2084
7935,2085
1283,2086
8847,2087
6336,2088
6663,2089
197,2090
186,2091
6086,2092
6152,2093
2064,2094
737,2095
8512,2096
9418,2097
5617,2098
967,2099
9582,2100
3464,2101
6661,2102
691,2103
5532,2104
4071,2105
9178,2106
6183,2107
7181,2108
6612,2109
6705,2110
987,2111
8888,2112
3001,2113
6954,2114
3673,2115
6971,2116
2736,2117
1107,2118
3671,2119
7916,2120
8187,2121
2933,2122
1198,2123
325,2124
662,2125
221,2126
7581,2127
2983,2128
9214,2129
5106,2130
7322,2131
1256,2132
8885,2133
1913,2134
596,2135
4461,2136
3582,2137
586,2138
763,2139
6334,2140
9752,2141
4778,2142
2843,2143
5921,2144
8551,2145
1685,2146
8405,2147
5008,2148
3601,2149
4207,2150
9481,2151
6374,2152
9544,2153
9113,2154
8487,2155
9534,2156
2932,2157
7511,2158
4308,2159
9233,2160
10061,2161
7098,2162
7652,2163
5281,2164
2328,2165
8081,2166
5451,2167
6467,2168
2004,2169
9478,2170
3181,2171
656,2172
5893,2173
1466,2174
3745,2175
1811,2176
6553,2177
4801,2178
993,2179
8397,2180
9084,2181
502,2182
756,2183
7792,2184
2572,2185
495,2186
9813,2187
9712,2188
9044,2189
8495,2190
1004,2191
8943,2192
8438,2193
7036,2194
3398,2195
3253,2196
2595,2197
5321,2198
928,2199
6915,2200
457,2201
6894,2202
9514,2203
9268,2204
9436,2205
2527,2206
2094,2207
9438,2208
2767,2209
1978,2210
3117,2211
9934,2212
8231,2213
388,2214
2458,2215
7767,2216
9592,2217
9324,2218
1494,2219
218,2220
758,2221
7254,2222
8225,2223
432,2224
1308,2225
3717,2226
7442,2227
134,2228
8002,2229
1395,2230
3195,2231
681,2232
9583,2233
4354,2234
9203,2235
8891,2236
3342,2237
1324,2238
7728,2239
6407,2240
3433,2241
2263,2242
7898,2243
2901,2244
9597,2245
1871,2246
987,2247
2383,2248
9562,2249
6395,2250
2252,2251
8975,2252
3194,2253
9307,2254
5094,2255
6338,2256
4191,2257
3543,2258
3142,2259
6564,2260
7351,2261
8384,2262
6007,2263
5045,2264
1458,2265
4817,2266
7371,2267
8642,2268
2007,2269
2654,2270
1931,2271
6555,2272
4311,2273
371,2274
7977,2275
2015,2276
2227,2277
5346,2278
9384,2279
7237,2280
5764,2281
5872,2282
8406,2283
4381,2284
9072,2285
8734,2286
3128,2287
6905,2288
3083,2289
2433,2290
2417,2291
7504,2292
881,2293
3087,2294
5526,2295
3931,2296
7687,2297
765,2298
4413,2299
6201,2300
9355,2301
837,2302
3578,2303
8442,2304
3558,2305
4382,2306
4553,2307
8641,2308
5637,2309
9776,2310
5006,2311
7452,2312
9078,2313
7592,2314
9637,2315
4354,2316
3511,2317
10095,2318
1451,2319
2852,2320
5427,2321
8705,2322
8631,2323
6473,2324
5472,2325
7584,2326
5513,2327
4613,2328
8427,2329
2277,2330
5453,2331
688,2332
8825,2333
676,2334
2994,2335
3026,2336
5978,2337
936,2338
2184,2339
7494,2340
6951,2341
4601,2342
895,2343
8624,2344
9904,2345
4755,2346
1305,2347
7296,2348
9231,2349
6511,2350
617,2351
4416,2352
7224,2353
8283,2354
2741,2355
5552,2356
1365,2357
8675,2358
2124,2359
1015,2360
5278,2361
2793,2362
9928,2363
9786,2364
4336,2365
6487,2366
975,2367
1751,2368
7812,2369
8116,2370
2072,2371
895,2372
6645,2373
698,2374
4411,2375
7795,2376
1042,2377
9123,2378
2131,2379
1128,2380
393,2381
4458,2382
713,2383
3281,2384
3992,2385
8525,2386
9066,2387
8257,2388
6401,2389
7481,2390
10083,2391
416,2392
322,2393
4313,2394
3922,2395
694,2396
288,2397
2114,2398
7843,2399
4614,2400
6735,2401
638,2402
6855,2403
1647,2404
2801,2405
4632,2406
8593,2407
9606,2408
2891,2409
2935,2410
9392,2411
4251,2412
675,2413
7063,2414
374,2415
8723,2416
2691,2417
6311,2418
8568,2419
8594,2420
816,2421
2721,2422
3628,2423
8656,2424
4196,2425
7397,2426
5911,2427
3008,2428
9643,2429
1874,2430
2476,2431
3056,2432
8031,2433
7547,2434
616,2435
3027,2436
3977,2437
9197,2438
8882,2439
9176,2440
6332,2441
6992,2442
848,2443
4581,2444
5201,2445
8881,2446
1602,2447
2425,2448
762,2449
8041,2450
5567,2451
8158,2452
1494,2453
4553,2454
9401,2455
135,2456
8983,2457
5005,2458
3896,2459
3934,2460
5838,2461
1528,2462
5197,2463
8037,2464
7456,2465
5478,2466
3114,2467
9757,2468
9216,2469
957,2470
236,2471
3065,2472
4643,2473
3532,2474
3783,2475
1481,2476
5726,2477
4952,2478
3996,2479
5586,2480
2284,2481
2514,2482
1024,2483
1913,2484
8673,2485
2661,2486
1638,2487
694,2488
4361,2489
9617,2490
4438,2491
3067,2492
4716,2493
5396,2494
6805,2495
9078,2496
2214,2497
9634,2498
347,2499
3196,2500
8036,2501
792,2502
9057,2503
7353,2504
6786,2505
6235,2506
5954,2507
1907,2508
8335,2509
8876,2510
6676,2511
7966,2512
4697,2513
4212,2514
8296,2515
1456,2516
1154,2517
5282,2518
6024,2519
6652,2520
4331,2521
2274,2522
5537,2523
7611,2524
8755,2525
6358,2526
6661,2527
7138,2528
9024,2529
9534,2530
2078,2531
8064,2532
8517,2533
8141,2534
9346,2535
7641,2536
6042,2537
4464,2538
5601,2539
4265,2540
4785,2541
5695,2542
1164,2543
9805,2544
4003,2545
1933,2546
265,2547
1748,2548
7256,2549
2097,2550
5835,2551
3847,2552
7611,2553
5454,2554
4713,2555
5243,2556
915,2557
655,2558
4601,2559
3657,2560
4125,2561
9417,2562
1425,2563
6681,2564
182,2565
2923,2566
6542,2567
9045,2568
2327,2569
1896,2570
8564,2571
7433,2572
9236,2573
928,2574
6577,2575
2784,2576
7641,2577
2078,2578
9331,2579
4391,2580
5782,2581
3266,2582
8674,2583
8603,2584
7243,2585
198,2586
9965,2587
5084,2588
6557,2589
1166,2590
1907,2591
8635,2592
2317,2593
8806,2594
2948,2595
1846,2596
146,2597
2658,2598
5603,2599
7171,2600
7006,2601
773,2602
4045,2603
8847,2604
7288,2605
6736,2606
2518,2607
8102,2608
648,2609
1528,2610
7413,2611
3381,2612
6006,2613
7511,2614
7817,2615
4837,2616
3867,2617
9947,2618
7854,2619
4814,2620
9601,2621
4132,2622
7462,2623
3512,2624
1763,2625
2897,2626
6891,2627
7802,2628
9853,2629
9191,2630
1011,2631
8095,2632
2876,2633
933,2634
9802,2635
6433,2636
223,2637
8638,2638
986,2639
4557,2640
468,2641
7643,2642
7872,2643
1278,2644
5774,2645
4987,2646
8948,2647
8872,2648
8603,2649
4781,2650
6378,2651
3553,2652
2526,2653
2428,2654
2542,2655
8287,2656
8218,2657
9294,2658
6846,2659
7345,2660
5461,2661
994,2662
8685,2663
7417,2664
337,2665
6537,2666
2155,2667
9546,2668
3638,2669
1674,2670
9658,2671
4313,2672
2141,2673
6342,2674
3586,2675
3047,2676
5323,2677
5381,2678
7267,2679
7504,2680
3051,2681
8136,2682
4021,2683
8022,2684
213,2685
1343,2686
6028,2687
3443,2688
6966,2689
5114,2690
4981,2691
2797,2692
7451,2693
6073,2694
4066,2695
261,2696
271,2697
8386,2698
8865,2699
6108,2700
1696,2701
404,2702
541,2703
8087,2704
3104,2705
5943,2706
5997,2707
9325,2708
2493,2709
6925,2710
7492,2711
5136,2712
8328,2713
2016,2714
7818,2715
7338,2716
6102,2717
4708,2718
9203,2719
896,2720
5685,2721
6998,2722
4891,2723
8881,2724
4862,2725
6746,2726
194,2727
4142,2728
4035,2729
9678,2730
8172,2731
3561,2732
6155,2733
7947,2734
2266,2735
6122,2736
8398,2737
2368,2738
7986,2739
5072,2740
6565,2741
265,2742
4823,2743
7606,2744
6998,2745
7942,2746
4334,2747
145,2748
3151,2749
7811,2750
943,2751
171,2752
615,2753
2066,2754
7776,2755
7912,2756
5294,2757
10053,2758
4427,2759
2262,2760
3471,2761
255,2762
7835,2763
782,2764
3096,2765
8865,2766
6841,2767
10094,2768
6425,2769
2021,2770
1951,2771
3807,2772
6338,2773
3638,2774
3981,2775
1236,2776
8261,2777
6951,2778
2525,2779
3641,2780
7682,2781
3525,2782
1568,2783
2223,2784
7517,2785
6958,2786
7238,2787
3652,2788
8747,2789
6394,2790
768,2791
3102,2792
9938,2793
3316,2794
4174,2795
5212,2796
5238,2797
9157,2798
1941,2799
8325,2800
1263,2801
3694,2802
1733,2803
6653,2804
134,2805
7687,2806
1124,2807
1866,2808
4674,2809
2483,2810
9913,2811
6465,2812
735,2813
9054,2814
923,2815
7534,2816
2632,2817
8795,2818
4478,2819
8421,2820
2824,2821
4728,2822
4656,2823
9861,2824
5277,2825
1582,2826
5912,2827
5731,2828
5782,2829
2424,2830
9566,2831
4416,2832
353,2833
2833,2834
8771,2835
9046,2836
6751,2837
1608,2838
975,2839
4854,2840
8318,2841
5581,2842
3537,2843
7738,2844
7668,2845
6316,2846
282,2847
8024,2848
2676,2849
5175,2850
4055,2851
5978,2852
7522,2853
5457,2854
1051,2855
10057,2856
8927,2857
5371,2858
324,2859
738,2860
327,2861
2744,2862
8358,2863
6686,2864
654,2865
7275,2866
5944,2867
3068,2868
6427,2869
4125,2870
7772,2871
5082,2872
8875,2873
8722,2874
918,2875
3222,2876
2405,2877
594,2878
9488,2879
3213,2880
3894,2881
1301,2882
7167,2883
9606,2884
1401,2885
7542,2886
5391,2887
7854,2888
4651,2889
8363,2890
4213,2891
8156,2892
154,2893
4677,2894
9358,2895
7775,2896
6726,2897
3422,2898
6615,2899
2242,2900
6047,2901
5395,2902
7195,2903
9827,2904
8424,2905
3906,2906
9096,2907
3953,2908
7423,2909
6685,2910
7902,2911
4062,2912
2043,2913
6688,2914
7417,2915
2103,2916
2542,2917
417,2918
1677,2919
9811,2920
1884,2921
881,2922
6778,2923
6383,2924
1823,2925
3266,2926
2165,2927
6963,2928
6492,2929
9112,2930
1743,2931
9602,2932
5848,2933
4138,2934
3485,2935
3013,2936
8563,2937
1695,2938
6551,2939
6654,2940
8563,2941
7951,2942
5361,2943
2008,2944
4323,2945
6542,2946
6003,2947
7708,2948
463,2949
4008,2950
5352,2951
2005,2952
2471,2953
5642,2954
4822,2955
2377,2956
7573,2957
2107,2958
6857,2959
4971,2960
6426,2961
9786,2962
4687,2963
7712,2964
4633,2965
1477,2966
3283,2967
1916,2968
414,2969
6007,2970
1282,2971
9484,2972
8303,2973
148,2974
3146,2975
7055,2976
7454,2977
7497,2978
6525,2979
8263,2980
4206,2981
6795,2982
2332,2983
9078,2984
7766,2985
4886,2986
4661,2987
6462,2988
2044,2989
6244,2990
3997,2991
3956,2992
614,2993
3285,2994
8327,2995
572,2996
716,2997
5171,2998
826,2999
2381,3000
5576,3001
8365,3002
9848,3003
123,3004
565,3005
7603,3006
138,3007
9682,3008
6716,3009
7638,3010
1145,3011
7046,3012
1372,3013
8694,3014
7097,3015
8072,3016
9615,3017
375,3018
5976,3019
4635,3020
8437,3021
235,3022
3663,3023
2722,3024
8413,3025
6967,3026
5065,3027
1698,3028
1943,3029
4416,3030
1796,3031
8803,3032
4212,3033
9806,3034
253,3035
8651,3036
8788,3037
4151,3038
6658,3039
846,3040
7872,3041
3604,3042
2501,3043
8778,3044
1958,3045
9147,3046
4612,3047
2664,3048
9375,3049
3388,3050
5088,3051
7217,3052
432,3053
8158,3054
5455,3055
3425,3056
3904,3057
6755,3058
6818,3059
4136,3060
9511,3061
816,3062
433,3063
7024,3064
9837,3065
2813,3066
10014,3067
1787,3068
7855,3069
5072,3070
3504,3071
1031,3072
9077,3073
1553,3074
3713,3075
4822,3076
5486,3077
7115,3078
312,3079
854,3080
6966,3081
6646,3082
9757,3083
208,3084
2187,3085
4577,3086
9454,3087
6788,3088
4525,3089
965,3090
6951,3091
443,3092
298,3093
1652,3094
1455,3095
3365,3096
695,3097
9382,3098
7131,3099
7693,3100
1202,3101
3247,3102
10036,3103
1193,3104
5135,3105
10045,3106
6462,3107
9892,3108
9076,3109
2996,3110
9157,3111
7284,3112
5671,3113
1427,3114
8223,3115
3931,3116
8346,3117
4531,3118
6221,3119
2092,3120
5318,3121
4561,3122
8336,3123
4617,3124
3591,3125
7561,3126
1025,3127
3664,3128
1264,3129
1035,3130
8164,3131
5008,3132
2751,3133
4916,3134
7055,3135
1815,3136
3245,3137
4283,3138
3866,3139
5352,3140
1288,3141
5753,3142
5631,3143
8034,3144
5405,3145
453,3146
7285,3147
5338,3148
1145,3149
656,3150
5832,3151
1013,3152
4684,3153
6821,3154
2421,3155
9223,3156
8183,3157
7743,3158
3862,3159
2323,3160
744,3161
9773,3162
1114,3163
2853,3164
5941,3165
3921,3166
2961,3167
4815,3168
126,3169
2823,3170
8567,3171
6881,3172
3082,3173
5782,3174
5651,3175
7742,3176
7532,3177
5003,3178
4223,3179
2837,3180
5226,3181
9917,3182
6931,3183
4753,3184
7662,3185
2703,3186
3041,3187
7296,3188
3356,3189
918,3190
5164,3191
7101,3192
1696,3193
9034,3194
4462,3195
7945,3196
4693,3197
3617,3198
473,3199
9715,3200
1058,3201
867,3202
2726,3203
5838,3204
2056,3205
125,3206
3696,3207
2488,3208
4848,3209
7796,3210
7757,3211
4345,3212
4748,3213
4953,3214
1516,3215
3073,3216
9768,3217
531,3218
1636,3219
2358,3220
7912,3221
7251,3222
9654,3223
2397,3224
4281,3225
8901,3226
4284,3227
8447,3228
2445,3229
9771,3230
7032,3231
6515,3232
1803,3233
6977,3234
9942,3235
5985,3236
7253,3237
1103,3238
5688,3239
9795,3240
6798,3241
114,3242
4211,3243
9223,3244
2433,3245
802,3246
9187,3247
7172,3248
8928,3249
6222,3250
2051,3251
8411,3252
167,3253
6415,3254
2531,3255
4053,3256
1055,3257
1848,3258
10024,3259
3958,3260
4081,3261
6696,3262
4396,3263
7613,3264
518,3265
7311,3266
1413,3267
602,3268
6271,3269
6715,3270
6107,3271
2862,3272
5221,3273
4675,3274
2297,3275
4428,3276
3397,3277
2024,3278
9066,3279
7768,3280
661,3281
8096,3282
5721,3283
8011,3284
9886,3285
7614,3286
8513,3287
7427,3288
3142,3289
9883,3290
7761,3291
721,3292
3036,3293
8235,3294
2887,3295
2051,3296
2005,3297
9467,3298
9782,3299
2486,3300
10068,3301
5442,3302
9914,3303
8245,3304
2433,3305
2762,3306
8343,3307
9324,3308
1325,3309
2702,3310
1712,3311
5105,3312
1924,3313
1115,3314
5526,3315
3241,3316
4426,3317
526,3318
3762,3319
9323,3320
221,3321
5482,3322
5014,3323
9288,3324
2274,3325
9671,3326
426,3327
2226,3328
4424,3329
9608,3330
9125,3331
4922,3332
6251,3333
9122,3334
1585,3335
2028,3336
9316,3337
6132,3338
1064,3339
867,3340
9414,3341
8352,3342
8163,3343
9902,3344
8237,3345
4558,3346
3868,3347
9538,3348
3548,3349
4354,3350
2036,3351
4135,3352
6291,3353
9683,3354
9783,3355
5907,3356
7154,3357
4837,3358
211,3359
8142,3360
1615,3361
4375,3362
166,3363
1665,3364
3853,3365
5275,3366
8005,3367
9812,3368
6273,3369
7025,3370
8702,3371
7461,3372
1344,3373
2096,3374
7061,3375
3356,3376
6564,3377
3386,3378
3628,3379
8027,3380
6532,3381
7815,3382
9498,3383
8667,3384
1032,3385
5928,3386
548,3387
175,3388
635,3389
8061,3390
9202,3391
276,3392
1736,3393
1844,3394
6985,3395
5996,3396
1436,3397
3823,3398
2691,3399
7673,3400
6098,3401
8164,3402
6136,3403
7983,3404
1276,3405
8496,3406
9445,3407
6191,3408
2422,3409
5917,3410
8165,3411
3184,3412
1216,3413
1071,3414
867,3415
8278,3416
5565,3417
4298,3418
3392,3419
9293,3420
6157,3421
4136,3422
9641,3423
8628,3424
551,3425
7697,3426
1258,3427
718,3428
8042,3429
5165,3430
1563,3431
254,3432
8237,3433
9865,3434
3526,3435
9874,3436
2891,3437
2588,3438
4916,3439
8643,3440
3732,3441
8074,3442
8437,3443
7091,3444
6883,3445
4758,3446
383,3447
8808,3448
1488,3449
8233,3450
6792,3451
1897,3452
7642,3453
7386,3454
404,3455
5602,3456
4295,3457
975,3458
6111,3459
8148,3460
2228,3461
7302,3462
9101,3463
3634,3464
6448,3465
5812,3466
7675,3467
2014,3468
1305,3469
8936,3470
4514,3471
2395,3472
5052,3473
7213,3474
7806,3475
4225,3476
2331,3477
6163,3478
4685,3479
4657,3480
885,3481
8772,3482
7786,3483
6153,3484
447,3485
2611,3486
1815,3487
234,3488
9692,3489
6396,3490
4177,3491
3008,3492
3997,3493
632,3494
266,3495
4373,3496
171,3497
6322,3498
5858,3499
2804,3500
8282,3501
1617,3502
6877,3503
6726,3504
3344,3505
216,3506
9153,3507
7628,3508
6841,3509
5921,3510
7054,3511
3586,3512
4394,3513
7434,3514
4858,3515
9736,3516
5615,3517
4128,3518
4673,3519
3964,3520
2981,3521
1083,3522
6662,3523
7617,3524
947,3525
4116,3526
1457,3527
7591,3528
284,3529
5076,3530
4878,3531
162,3532
8938,3533
5193,3534
2088,3535
3316,3536
5087,3537
5404,3538
4875,3539
9863,3540
8252,3541
3232,3542
4128,3543
9994,3544
3133,3545
8141,3546
4088,3547
1771,3548
9464,3549
5782,3550
9296,3551
8714,3552
9918,3553
3593,3554
8122,3555
5735,3556
1158,3557
7195,3558
5716,3559
8887,3560
1028,3561
2394,3562
3936,3563
1528,3564
6958,3565
3743,3566
1666,3567
2405,3568
6284,3569
7736,3570
7854,3571
3965,3572
6804,3573
7776,3574
1111,3575
9721,3576
8704,3577
491,3578
4914,3579
9932,3580
4954,3581
2847,3582
3607,3583
3043,3584
7711,3585
10086,3586
9758,3587
642,3588
6073,3589
747,3590
401,3591
3383,3592
406,3593
996,3594
791,3595
5786,3596
5541,3597
2786,3598
4731,3599
4714,3600
3411,3601
4573,3602
9528,3603
4416,3604
9377,3605
8756,3606
1757,3607
8126,3608
3186,3609
8404,3610
3416,3611
2383,3612
5526,3613
9167,3614
9845,3615
8871,3616
1154,3617
7204,3618
5173,3619
4177,3620
1847,3621
1334,3622
8553,3623
7637,3624
1694,3625
3123,3626
801,3627
1332,3628
9323,3629
5444,3630
882,3631
1442,3632
3428,3633
3753,3634
2782,3635
3296,3636
6213,3637
5851,3638
1273,3639
2011,3640
7221,3641
3403,3642
7114,3643
7763,3644
6061,3645
10023,3646
6888,3647
5717,3648
8407,3649
2066,3650
5563,3651
583,3652
9924,3653
1754,3654
6571,3655
7733,3656
5774,3657
534,3658
3647,3659
6086,3660
1507,3661
7235,3662
2117,3663
2347,3664
1858,3665
716,3666
1928,3667
3165,3668
6111,3669
8257,3670
6294,3671
6734,3672
965,3673
6525,3674
4971,3675
4232,3676
9035,3677
8292,3678
6018,3679
6463,3680
5234,3681
2273,3682
5491,3683
3616,3684
6463,3685
8568,3686
8455,3687
8305,3688
4005,3689
5467,3690
5652,3691
8451,3692
6733,3693
1282,3694
6122,3695
9593,3696
5662,3697
4264,3698
6974,3699
8984,3700
7388,3701
4698,3702
10102,3703
7176,3704
7943,3705
252,3706
3542,3707
9471,3708
9332,3709
214,3710
6116,3711
9667,3712
6912,3713
3983,3714
5193,3715
5598,3716
1942,3717
3617,3718
605,3719
5437,3720
7267,3721
8726,3722
4572,3723
5383,3724
8201,3725
4062,3726
4892,3727
1977,3728
354,3729
796,3730
2236,3731
3312,3732
8851,3733
6295,3734
8376,3735
9658,3736
8312,3737
5623,3738
831,3739
1637,3740
391,3741
8672,3742
7501,3743
7253,3744
1121,3745
3836,3746
9233,3747
292,3748
4443,3749
4421,3750
7024,3751
4728,3752
6923,3753
2548,3754
9607,3755
7204,3756
9591,3757
7735,3758
7068,3759
2622,3760
2898,3761
6233,3762
594,3763
9187,3764
9772,3765
1765,3766
6317,3767
10018,3768
3672,3769
7037,3770
4355,3771
9374,3772
5171,3773
9902,3774
971,3775
9695,3776
3142,3777
9915,3778
8811,3779
10013,3780
3485,3781
897,3782
3147,3783
2261,3784
5768,3785
616,3786
5642,3787
875,3788
4101,3789
8783,3790
3693,3791
324,3792
8815,3793
8893,3794
2528,3795
9174,3796
8955,3797
308,3798
9605,3799
3618,3800
5144,3801
3616,3802
1156,3803
838,3804
9032,3805
6786,3806
5886,3807
7957,3808
653,3809
7896,3810
7523,3811
8523,3812
7151,3813
3447,3814
3938,3815
3628,3816
3246,3817
2286,3818
1871,3819
4795,3820
7333,3821
324,3822
4362,3823
5325,3824
6024,3825
4697,3826
2841,3827
7268,3828
4721,3829
1606,3830
2478,3831
6298,3832
4326,3833
9758,3834
8754,3835
3714,3836
4934,3837
4605,3838
2088,3839
1558,3840
8936,3841
5864,3842
7533,3843
9102,3844
4955,3845
1033,3846
4835,3847
3957,3848
1195,3849
2202,3850
6056,3851
6884,3852
2486,3853
7881,3854
9158,3855
266,3856
9083,3857
1005,3858
2968,3859
6033,3860
5866,3861
4858,3862
618,3863
4376,3864
2342,3865
5545,3866
6108,3867
7117,3868
7278,3869
7198,3870
858,3871
2418,3872
3753,3873
9494,3874
518,3875
5511,3876
4983,3877
3093,3878
801,3879
765,3880
976,3881
9721,3882
5481,3883
5543,3884
2282,3885
4571,3886
8642,3887
5386,3888
5914,3889
4697,3890
5793,3891
425,3892
2635,3893
705,3894
8266,3895
2734,3896
9827,3897
3456,3898
9781,3899
8731,3900
9025,3901
9845,3902
115,3903
1018,3904
3258,3905
7827,3906
562,3907
10067,3908
6752,3909
8585,3910
7271,3911
7252,3912
5388,3913
8524,3914
7898,3915
9651,3916
1837,3917
5915,3918
1932,3919
445,3920
1076,3921
3134,3922
3714,3923
1087,3924
1905,3925
6425,3926
141,3927
6731,3928
9826,3929
5492,3930
6807,3931
6712,3932
4573,3933
5426,3934
3058,3935
7356,3936
2257,3937
5586,3938
301,3939
5574,3940
8343,3941
7913,3942
8246,3943
937,3944
2913,3945
851,3946
9635,3947
6646,3948
4836,3949
5993,3950
547,3951
5683,3952
2492,3953
3195,3954
9612,3955
2977,3956
3916,3957
2658,3958
3361,3959
3165,3960
2016,3961
4132,3962
5672,3963
9703,3964
7842,3965
183,3966
6647,3967
2874,3968
7947,3969
848,3970
936,3971
7231,3972
235,3973
9074,3974
9171,3975
5983,3976
7307,3977
6542,3978
9407,3979
4452,3980
4476,3981
9365,3982
2651,3983
3741,3984
6636,3985
321,3986
5885,3987
8657,3988
6508,3989
9567,3990
1687,3991
7398,3992
8477,3993
1374,3994
3413,3995
4903,3996
2273,3997
8912,3998
3124,3999
8532,4000
5128,4001
256,4002
5108,4003
5914,4004
8587,4005
2468,4006
5001,4007
9906,4008
8974,4009
9757,4010
5456,4011
2425,4012
5397,4013
112,4014
718,4015
3896,4016
7594,4017
4268,4018
4456,4019
1167,4020
8963,4021
4908,4022
322,4023
4313,4024
811,4025
8742,4026
8511,4027
1912,4028
1784,4029
4015,4030
1366,4031
3846,4032
1963,4033
926,4034
6897,4035
5867,4036
4844,4037
8018,4038
2137,4039
6868,4040
9753,4041
1296,4042
3623,4043
7528,4044
9842,4045
3752,4046
1955,4047
7832,4048
3763,4049
9522,4050
9644,4051
4985,4052
10078,4053
9806,4054
3981,4055
225,4056
9174,4057
7273,4058
7044,4059
7928,4060
778,4061
293,4062
2655,4063
742,4064
4207,4065
462,4066
7984,4067
851,4068
6121,4069
5162,4070
4581,4071
3432,4072
10043,4073
3401,4074
2144,4075
8162,4076
3406,4077
3406,4078
9797,4079
5785,4080
1144,4081
3917,4082
2407,4083
1233,4084
9136,4085
2976,4086
7867,4087
976,4088
6131,4089
407,4090
8454,4091
636,4092
2214,4093
3984,4094
5872,4095
9695,4096
8104,4097
5021,4098
525,4099
3183,4100
1938,4101
1898,4102
6811,4103
5672,4104
1685,4105
7826,4106
9743,4107
3203,4108
9293,4109
3635,4110
1446,4111
7518,4112
6215,4113
4818,4114
5147,4115
5348,4116
3976,4117
3622,4118
7661,4119
2887,4120
2797,4121
9187,4122
8822,4123
112,4124
492,4125
7968,4126
1334,4127
707,4128
372,4129
1243,4130
7164,4131
5663,4132
1338,4133
8632,4134
4746,4135
8232,4136
6037,4137
6818,4138
2738,4139
1054,4140
1181,4141
437,4142
8423,4143
5192,4144
4018,4145
8144,4146
1705,4147
8454,4148
4836,4149
2378,4150
8561,4151
836,4152
776,4153
6091,4154
5665,4155
3077,4156
9528,4157
7528,4158
9843,4159
4261,4160
6291,4161
6251,4162
1981,4163
3493,4164
2881,4165
5276,4166
3831,4167
7192,4168
3983,4169
2134,4170
8891,4171
8673,4172
3228,4173
6454,4174
9844,4175
8563,4176
1995,4177
2213,4178
4478,4179
5028,4180
9558,4181
6533,4182
4326,4183
185,4184
226,4185
3117,4186
7945,4187
7692,4188
2768,4189
6503,4190
9797,4191
2271,4192
2582,4193
7642,4194
5692,4195
7552,4196
4643,4197
316,4198
9018,4199
8148,4200
7838,4201
6014,4202
6438,4203
5422,4204
8161,4205
6724,4206
7233,4207
8833,4208
6142,4209
2946,4210
5388,4211
8113,4212
6463,4213
7678,4214
1118,4215
6773,4216
2748,4217
1791,4218
2222,4219
3555,4220
4132,4221
171,4222
2961,4223
5221,4224
6444,4225
1576,4226
1421,4227
2081,4228
7107,4229
4631,4230
3835,4231
7186,4232
7526,4233
216,4234
1224,4235
9221,4236
1093,4237
5808,4238
8747,4239
6723,4240
2941,4241
7703,4242
7795,4243
1225,4244
5307,4245
4058,4246
3658,4247
6921,4248
423,4249
4105,4250
6495,4251
6906,4252
8014,4253
1412,4254
9647,4255
3111,4256
2677,4257
6615,4258
2765,4259
836,4260
7394,4261
5737,4262
5157,4263
9903,4264
5366,4265
6025,4266
3405,4267
7506,4268
5706,4269
8747,4270
6871,4271
2472,4272
9348,4273
2404,4274
2658,4275
6446,4276
4415,4277
5354,4278
8104,4279
5505,4280
3887,4281
2545,4282
7325,4283
7347,4284
6418,4285
6467,4286
8743,4287
7377,4288
9444,4289
6998,4290
926,4291
6143,4292
5022,4293
4518,4294
7467,4295
1418,4296
3197,4297
7116,4298
8824,4299
9163,4300
6163,4301
9142,4302
9757,4303
6798,4304
9932,4305
6328,4306
4298,4307
7297,4308
3544,4309
1723,4310
7256,4311
9811,4312
5225,4313
9108,4314
3672,4315
3038,4316
5665,4317
8217,4318
565,4319
8025,4320
1542,4321
2246,4322
8544,4323
1758,4324
9031,4325
415,4326
5723,4327
8293,4328
1421,4329
3813,4330
4758,4331
2587,4332
4218,4333
1067,4334
7973,4335
905,4336
2604,4337
4438,4338
4635,4339
7776,4340
10054,4341
1886,4342
8236,4343
3755,4344
6033,4345
4356,4346
2095,4347
697,4348
7754,4349
1942,4350
4953,4351
5532,4352
6171,4353
7557,4354
9698,4355
963,4356
8942,4357
2385,4358
5365,4359
6606,4360
914,4361
8833,4362
891,4363
5702,4364
5957,4365
1008,4366
1595,4367
5512,4368
2888,4369
4093,4370
6067,4371
445,4372
3705,4373
5043,4374
4802,4375
3657,4376
5513,4377
1248,4378
594,4379
406,4380
7083,4381
2441,4382
2227,4383
1816,4384
9091,4385
1493,4386
5111,4387
5596,4388
1874,4389
9868,4390
394,4391
10038,4392
4001,4393
3456,4394
1617,4395
6904,4396
5058,4397
1124,4398
223,4399
856,4400
7744,4401
3128,4402
1477,4403
9304,4404
3777,4405
874,4406
3114,4407
5361,4408
7185,4409
2264,4410
7651,4411
9844,4412
8534,4413
4032,4414
3188,4415
7362,4416
7502,4417
9253,4418
8857,4419
857,4420
7347,4421
1827,4422
8171,4423
6591,4424
2517,4425
404,4426
7582,4427
4116,4428
3761,4429
6933,4430
5857,4431
8621,4432
2693,4433
6992,4434
4223,4435
6911,4436
8113,4437
9538,4438
7893,4439
5182,4440
2167,4441
8445,4442
9343,4443
7172,4444
3626,4445
557,4446
8156,4447
1204,4448
6205,4449
9396,4450
2623,4451
8591,4452
4404,4453
8661,4454
772,4455
902,4456
5906,4457
1916,4458
5103,4459
4777,4460
6704,4461
2516,4462
6178,4463
8083,4464
5652,4465
3516,4466
5266,4467
5346,4468
5028,4469
9758,4470
3377,4471
8002,4472
143,4473
2268,4474
3193,4475
10066,4476
8202,4477
7297,4478
5052,4479
5746,4480
3361,4481
7124,4482
8564,4483
2071,4484
2561,4485
9326,4486
5561,4487
8092,4488
6966,4489
8793,4490
981,4491
8727,4492
9008,4493
3394,4494
3186,4495
925,4496
223,4497
10066,4498
7965,4499
10052,4500
5247,4501
732,4502
5251,4503
9181,4504
4148,4505
5736,4506
8157,4507
6692,4508
5696,4509
8093,4510
6113,4511
1948,4512
3766,4513
995,4514
282,4515
6021,4516
9898,4517
4226,4518
6535,4519
4721,4520
7058,4521
3273,4522
3455,4523
3407,4524
2435,4525
2685,4526
5521,4527
6426,4528
5284,4529
3521,4530
4241,4531
3105,4532
6126,4533
3098,4534
9667,4535
4558,4536
4826,4537
368,4538
801,4539
5685,4540
9074,4541
7261,4542
221,4543
9328,4544
4625,4545
7172,4546
895,4547
838,4548
4018,4549
1361,4550
10097,4551
5907,4552
6102,4553
8076,4554
1245,4555
6735,4556
1144,4557
4951,4558
4222,4559
7226,4560
6358,4561
9317,4562
8413,4563
7068,4564
7427,4565
5101,4566
393,4567
1416,4568
3295,4569
8165,4570
10078,4571
6168,4572
2733,4573
9603,4574
7694,4575
8848,4576
1695,4577
3251,4578
1125,4579
2206,4580
5882,4581
168,4582
9285,4583
8215,4584
7377,4585
4485,4586
9713,4587
8073,4588
733,4589
6191,4590
8888,4591
3565,4592
9444,4593
6258,4594
482,4595
5942,4596
7471,4597
7376,4598
1665,4599
3673,4600
2116,4601
645,4602
635,4603
3901,4604
594,4605
9441,4606
9335,4607
987,4608
2176,4609
5394,4610
5053,4611
2443,4612
4044,4613
1532,4614
501,4615
6761,4616
804,4617
5217,4618
8536,4619
3421,4620
3444,4621
9043,4622
9603,4623
5204,4624
1022,4625
745,4626
5727,4627
3243,4628
5054,4629
8165,4630
1083,4631
7648,4632
488,4633
771,4634
3346,4635
9922,4636
6095,4637
611,4638
4503,4639
7665,4640
1828,4641
243,4642
4356,4643
5308,4644
5628,4645
4887,4646
8702,4647
8105,4648
7742,4649
594,4650
4036,4651
3095,4652
2956,4653
8551,4654
5963,4655
3342,4656
7091,4657
8695,4658
5108,4659
2013,4660
8501,4661
7148,4662
1927,4663
8223,4664
1933,4665
1018,4666
3815,4667
9992,4668
4118,4669
9355,4670
3036,4671
8403,4672
6893,4673
5874,4674
1196,4675
3124,4676
1115,4677
8238,4678
8371,4679
6411,4680
10032,4681
4294,4682
3974,4683
4061,4684
4392,4685
9273,4686
9971,4687
9657,4688
5091,4689
8428,4690
1987,4691
4812,4692
7566,4693
4486,4694
9878,4695
2676,4696
5648,4697
1472,4698
10041,4699
4191,4700
7144,4701
8554,4702
6216,4703
4157,4704
3128,4705
8931,4706
134,4707
8687,4708
8584,4709
1024,4710
5424,4711
8233,4712
9033,4713
7598,4714
5626,4715
5674,4716
467,4717
5287,4718
9304,4719
3433,4720
10062,4721
6827,4722
8283,4723
4681,4724
576,4725
8898,4726
9176,4727
5888,4728
5155,4729
5567,4730
9543,4731
9238,4732
10051,4733
2526,4734
1963,4735
5413,4736
8696,4737
6531,4738
2366,4739
7201,4740
7554,4741
4123,4742
4345,4743
8695,4744
5626,4745
2267,4746
7716,4747
4896,4748
5345,4749
1157,4750
5004,4751
5387,4752
9445,4753
288,4754
6395,4755
6097,4756
7286,4757
544,4758
6462,4759
3222,4760
614,4761
4347,4762
321,4763
4256,4764
5318,4765
7033,4766
2516,4767
4087,4768
8395,4769
4355,4770
536,4771
9543,4772
5144,4773
6015,4774
10093,4775
4356,4776
2131,4777
541,4778
6564,4779
128,4780
3664,4781
2882,4782
7632,4783
7682,4784
8281,4785
4735,4786
9203,4787
1145,4788
5057,4789
8144,4790
5012,4791
1472,4792
2664,4793
293,4794
9895,4795
7883,4796
8788,4797
6394,4798
7716,4799
9701,4800
8466,4801
1443,4802
6803,4803
914,4804
2797,4805
6622,4806
8107,4807
337,4808
8466,4809
4176,4810
886,4811
248,4812
7664,4813
2138,4814
7264,4815
9114,4816
4006,4817
9446,4818
10067,4819
3341,4820
2692,4821
897,4822
1468,4823
5042,4824
3386,4825
4442,4826
5307,4827
7317,4828
1981,4829
3488,4830
5964,4831
2253,4832
5628,4833
2515,4834
4766,4835
2194,4836
6672,4837
5383,4838
4307,4839
3196,4840
6954,4841
5417,4842
7006,4843
2698,4844
1986,4845
5892,4846
2544,4847
1845,4848
1664,4849
341,4850
908,4851
6685,4852
426,4853
406,4854
10074,4855
732,4856
5341,4857
234,4858
5035,4859
243,4860
733,4861
3597,4862
9016,4863
5104,4864
7083,4865
6612,4866
5626,4867
9543,4868
8207,4869
1257,4870
2215,4871
8055,4872
9433,4873
6023,4874
3643,4875
7317,4876
791,4877
7737,4878
5471,4879
5636,4880
9654,4881
2858,4882
4126,4883
2778,4884
7063,4885
2987,4886
6504,4887
2938,4888
7725,4889
8712,4890
5161,4891
6736,4892
8487,4893
2481,4894
6236,4895
6334,4896
7627,4897
8452,4898
3943,4899
3842,4900
3565,4901
4646,4902
7748,4903
513,4904
5344,4905
8232,4906
8075,4907
9626,4908
6795,4909
797,4910
4684,4911
2646,4912
3015,4913
6762,4914
1642,4915
5622,4916
9962,4917
244,4918
5002,4919
8466,4920
3102,4921
2353,4922
5121,4923
3518,4924
7244,4925
2537,4926
8423,4927
7384,4928
4464,4929
7076,4930
915,4931
9328,4932
3224,4933
3551,4934
5391,4935
5688,4936
7486,4937
3804,4938
7105,4939
424,4940
5123,4941
1552,4942
1224,4943
1675,4944
7267,4945
6527,4946
7773,4947
9694,4948
8882,4949
1374,4950
1245,4951
2673,4952
1628,4953
2197,4954
998,4955
9711,4956
3322,4957
9528,4958
3975,4959
172,4960
3353,4961
8165,4962
9184,4963
8805,4964
6224,4965
8366,4966
1056,4967
145,4968
6261,4969
4022,4970
8972,4971
6191,4972
9451,4973
3121,4974
4688,4975
4883,4976
332,4977
957,4978
4441,4979
6114,4980
2143,4981
5098,4982
9475,4983
1397,4984
6828,4985
726,4986
313,4987
2032,4988
8721,4989
6814,4990
4655,4991
3258,4992
1493,4993
9797,4994
911,4995
5552,4996
166,4997
9017,4998
9231,4999
9961,5000
4465,5001
1603,5002
1434,5003
5805,5004
2981,5005
1022,5006
5163,5007
2031,5008
7727,5009
5493,5010
3084,5011
8404,5012
9505,5013
1576,5014
6333,5015
962,5016
7901,5017
901,5018
2024,5019
562,5020
8802,5021
154,5022
782,5023
9526,5024
5605,5025
7654,5026
653,5027
2365,5028
5051,5029
3024,5030
4871,5031
9774,5032
1543,5033
8787,5034
1773,5035
7668,5036
9393,5037
8377,5038
2242,5039
4316,5040
6415,5041
8932,5042
8505,5043
1524,5044
9291,5045
9528,5046
5095,5047
5285,5048
7403,5049
2316,5050
3652,5051
2021,5052
5564,5053
3866,5054
274,5055
8492,5056
10007,5057
8855,5058
8652,5059
3488,5060
9435,5061
2223,5062
3417,5063
5666,5064
292,5065
6376,5066
7747,5067
8743,5068
3805,5069
708,5070
7927,5071
1502,5072
1914,5073
5754,5074
223,5075
7072,5076
295,5077
9115,5078
2405,5079
1647,5080
5496,5081
8897,5082
1275,5083
6487,5084
4367,5085
834,5086
5373,5087
156,5088
2383,5089
1001,5090
8507,5091
1722,5092
1402,5093
5096,5094
791,5095
3238,5096
2072,5097
7571,5098
6641,5099
9345,5100
7981,5101
2093,5102
9901,5103
6705,5104
224,5105
4762,5106
3996,5107
8088,5108
844,5109
10015,5110
2503,5111
4928,5112
4743,5113
2164,5114
3375,5115
9725,5116
9133,5117
7295,5118
4958,5119
6921,5120
8968,5121
1208,5122
3338,5123
344,5124
471,5125
604,5126
511,5127
8568,5128
6803,5129
3167,5130
6208,5131
5476,5132
7996,5133
7092,5134
9198,5135
7768,5136
8786,5137
2352,5138
306,5139
9055,5140
693,5141
471,5142
1065,5143
1451,5144
6261,5145
4113,5146
6993,5147
1812,5148
2341,5149
7092,5150
9351,5151
8783,5152
6486,5153
6122,5154
4827,5155
1194,5156
5681,5157
9145,5158
8496,5159
7261,5160
7766,5161
6368,5162
3735,5163
7457,5164
5614,5165
9784,5166
6384,5167
6852,5168
3601,5169
5406,5170
2034,5171
2051,5172
8163,5173
1118,5174
2335,5175
6088,5176
688,5177
6266,5178
606,5179
9466,5180
8868,5181
4541,5182
8391,5183
6225,5184
216,5185
1898,5186
6093,5187
9474,5188
4632,5189
8722,5190
9231,5191
5388,5192
3921,5193
7974,5194
7936,5195
1286,5196
6914,5197
4731,5198
576,5199
4673,5200
1145,5201
1286,5202
2537,5203
595,5204
1095,5205
202,5206
1032,5207
6127,5208
111,5209
624,5210
1256,5211
2771,5212
2158,5213
3484,5214
3355,5215
205,5216
6876,5217
7098,5218
8815,5219
7983,5220
8285,5221
691,5222
8628,5223
7596,5224
8546,5225
224,5226
4175,5227
7285,5228
3654,5229
6972,5230
3295,5231
2433,5232
6462,5233
6868,5234
4697,5235
8688,5236
688,5237
8357,5238
4274,5239
5485,5240
5162,5241
9665,5242
6463,5243
8444,5244
6131,5245
163,5246
3126,5247
245,5248
3668,5249
6925,5250
7074,5251
8082,5252
3278,5253
2094,5254
215,5255
9964,5256
2525,5257
5837,5258
2131,5259
2414,5260
9996,5261
1066,5262
2701,5263
8933,5264
7951,5265
8556,5266
8994,5267
7932,5268
3824,5269
4788,5270
4863,5271
483,5272
7925,5273
4432,5274
4226,5275
4645,5276
4224,5277
6494,5278
8025,5279
9225,5280
5394,5281
8974,5282
1588,5283
5447,5284
9615,5285
5253,5286
1827,5287
9051,5288
6254,5289
6095,5290
9082,5291
5071,5292
582,5293
135,5294
313,5295
7292,5296
651,5297
3227,5298
227,5299
3283,5300
742,5301
9174,5302
9918,5303
6958,5304
9042,5305
8361,5306
1106,5307
10016,5308
358,5309
9681,5310
8851,5311
5703,5312
208,5313
1326,5314
6441,5315
1444,5316
4893,5317
7204,5318
6027,5319
9976,5320
2535,5321
2757,5322
1831,5323
3176,5324
9566,5325
9697,5326
6211,5327
6308,5328
10082,5329
9203,5330
9836,5331
6344,5332
8321,5333
9753,5334
2242,5335
273,5336
9627,5337
1534,5338
6063,5339
3677,5340
9895,5341
1641,5342
4003,5343
2561,5344
2916,5345
9664,5346
4267,5347
791,5348
10073,5349
9311,5350
8733,5351
8341,5352
807,5353
9023,5354
8614,5355
6092,5356
9674,5357
3835,5358
9995,5359
7185,5360
4164,5361
1442,5362
703,5363
2073,5364
6801,5365
7165,5366
8951,5367
7227,5368
2246,5369
7393,5370
6615,5371
2346,5372
4833,5373
9574,5374
5241,5375
8356,5376
9755,5377
145,5378
6273,5379
4844,5380
2753,5381
9571,5382
5385,5383
9264,5384
4833,5385
4733,5386
6235,5387
775,5388
5063,5389
7105,5390
786,5391
642,5392
9378,5393
8265,5394
5226,5395
2072,5396
4982,5397
9653,5398
4766,5399
2221,5400
7056,5401
6974,5402
8845,5403
4185,5404
9573,5405
5402,5406
1925,5407
5012,5408
8405,5409
2292,5410
7014,5411
9287,5412
1015,5413
7424,5414
944,5415
9306,5416
4047,5417
4046,5418
1974,5419
5627,5420
373,5421
4552,5422
1065,5423
7876,5424
765,5425
6553,5426
6285,5427
341,5428
2145,5429
8814,5430
2968,5431
1093,5432
5657,5433
2761,5434
1232,5435
8793,5436
7073,5437
4404,5438
4856,5439
3006,5440
4147,5441
1301,5442
6732,5443
4521,5444
5338,5445
3752,5446
9891,5447
4547,5448
295,5449
7765,5450
5507,5451
8571,5452
7844,5453
9771,5454
8028,5455
9611,5456
4803,5457
2704,5458
6282,5459
9436,5460
5168,5461
1928,5462
1157,5463
1124,5464
131,5465
6751,5466
1774,5467
3371,5468
2696,5469
1381,5470
2434,5471
3298,5472
3701,5473
3814,5474
9986,5475
6222,5476
2845,5477
7034,5478
7182,5479
9628,5480
4934,5481
7166,5482
2198,5483
8962,5484
2117,5485
6843,5486
4161,5487
6083,5488
8452,5489
3601,5490
8094,5491
3363,5492
5255,5493
9637,5494
2613,5495
6234,5496
1115,5497
464,5498
7033,5499
6555,5500
361,5501
651,5502
6418,5503
6372,5504
3305,5505
7912,5506
7976,5507
5752,5508
4012,5509
6231,5510
9221,5511
628,5512
9804,5513
5933,5514
766,5515
4722,5516
7353,5517
1291,5518
8578,5519
8015,5520
8193,5521
7558,5522
3164,5523
4677,5524
9284,5525
182,5526
3014,5527
1783,5528
9732,5529
6863,5530
5968,5531
6511,5532
2546,5533
7014,5534
6171,5535
2224,5536
9683,5537
233,5538
4304,5539
6872,5540
6921,5541
1741,5542
10005,5543
4107,5544
5306,5545
4383,5546
8491,5547
3292,5548
7228,5549
8152,5550
883,5551
5646,5552
10025,5553
9543,5554
6288,5555
7382,5556
7493,5557
5158,5558
8523,5559
5532,5560
7578,5561
6505,5562
4182,5563
914,5564
3173,5565
3833,5566
1527,5567
2294,5568
8111,5569
6938,5570
1127,5571
3821,5572
132,5573
2525,5574
4977,5575
4225,5576
3281,5577
5237,5578
3132,5579
3551,5580
5907,5581
10067,5582
2114,5583
656,5584
9468,5585
7872,5586
7952,5587
3075,5588
7724,5589
1851,5590
1937,5591
1878,5592
5778,5593
1392,5594
1591,5595
8887,5596
7603,5597
6865,5598
3772,5599
7544,5600
6271,5601
5628,5602
128,5603
8437,5604
2683,5605
8024,5606
9095,5607
7543,5608
5085,5609
735,5610
1968,5611
2936,5612
6107,5613
2076,5614
1872,5615
4245,5616
4444,5617
9423,5618
1031,5619
7677,5620
216,5621
895,5622
378,5623
6665,5624
5928,5625
4962,5626
3795,5627
7148,5628
7833,5629
9472,5630
1783,5631
8453,5632
9442,5633
3423,5634
6346,5635
4964,5636
3136,5637
8156,5638
6841,5639
137,5640
1602,5641
2637,5642
2763,5643
334,5644
2948,5645
8741,5646
235,5647
5214,5648
472,5649
598,5650
8885,5651
1828,5652
1851,5653
1495,5654
7607,5655
5252,5656
112,5657
8255,5658
9757,5659
5781,5660
8264,5661
6452,5662
5878,5663
5021,5664
3384,5665
7921,5666
9541,5667
5241,5668
532,5669
1403,5670
4132,5671
6654,5672
5151,5673
2224,5674
2793,5675
4138,5676
9152,5677
5097,5678
7765,5679
5722,5680
2591,5681
8278,5682
3437,5683
9528,5684
1906,5685
3328,5686
8823,5687
4435,5688
8005,5689
2794,5690
6996,5691
1501,5692
3777,5693
3086,5694
5903,5695
8687,5696
6258,5697
4323,5698
3791,5699
3505,5700
4387,5701
8643,5702
6408,5703
4127,5704
5651,5705
2215,5706
778,5707
1314,5708
8875,5709
4748,5710
3583,5711
5527,5712
161,5713
783,5714
8046,5715
4297,5716
1104,5717
4636,5718
9704,5719
8618,5720
1692,5721
576,5722
1592,5723
3428,5724
6853,5725
2255,5726
2174,5727
413,5728
3824,5729
228,5730
1736,5731
3518,5732
2785,5733
7397,5734
7674,5735
7201,5736
6382,5737
3888,5738
2083,5739
1217,5740
6762,5741
2735,5742
8246,5743
5833,5744
6302,5745
3071,5746
4632,5747
9176,5748
5843,5749
7017,5750
5452,5751
3642,5752
3728,5753
5043,5754
2024,5755
9247,5756
2371,5757
197,5758
5491,5759
677,5760
1362,5761
2758,5762
5541,5763
7602,5764
4285,5765
9506,5766
4325,5767
993,5768
6304,5769
927,5770
6383,5771
2731,5772
5048,5773
3615,5774
1836,5775
7357,5776
9415,5777
2503,5778
6553,5779
7684,5780
6843,5781
7754,5782
785,5783
6784,5784
3317,5785
6274,5786
7252,5787
7115,5788
2807,5789
9795,5790
5214,5791
9483,5792
6552,5793
9513,5794
7841,5795
8554,5796
7926,5797
2488,5798
9403,5799
3024,5800
8697,5801
2691,5802
961,5803
2333,5804
9337,5805
1468,5806
4913,5807
1302,5808
5501,5809
7878,5810
4772,5811
2862,5812
1465,5813
8444,5814
906,5815
1965,5816
3017,5817
6748,5818
1916,5819
4712,5820
3047,5821
6325,5822
1184,5823
7305,5824
4672,5825
6652,5826
796,5827
615,5828
3228,5829
6266,5830
266,5831
8415,5832
3484,5833
2857,5834
1653,5835
8903,5836
1868,5837
856,5838
6596,5839
7424,5840
10076,5841
3678,5842
3606,5843
7266,5844
9467,5845
6367,5846
534,5847
5504,5848
3948,5849
9427,5850
6897,5851
2116,5852
7488,5853
4591,5854
3721,5855
7027,5856
2444,5857
1774,5858
8011,5859
5625,5860
8273,5861
1237,5862
9957,5863
1804,5864
2982,5865
2707,5866
8623,5867
843,5868
8241,5869
5857,5870
8406,5871
6925,5872
10104,5873
8704,5874
4977,5875
4902,5876
9173,5877
2165,5878
4867,5879
3244,5880
7713,5881
4871,5882
6836,5883
6052,5884
8133,5885
7948,5886
2664,5887
7208,5888
6107,5889
1041,5890
1638,5891
8784,5892
2578,5893
5403,5894
4875,5895
233,5896
8072,5897
4963,5898
7708,5899
6072,5900
694,5901
1034,5902
8503,5903
526,5904
1104,5905
9352,5906
1285,5907
8325,5908
9381,5909
5037,5910
9588,5911
542,5912
4467,5913
6037,5914
691,5915
4675,5916
336,5917
1203,5918
9294,5919
8808,5920
2383,5921
2051,5922
3365,5923
973,5924
4226,5925
122,5926
9978,5927
9301,5928
112,5929
903,5930
6192,5931
2991,5932
2911,5933
1424,5934
8406,5935
8466,5936
995,5937
2504,5938
4451,5939
577,5940
9367,5941
4664,5942
8936,5943
4198,5944
6774,5945
4447,5946
6942,5947
6627,5948
8023,5949
9631,5950
2491,5951
3268,5952
7511,5953
964,5954
7268,5955
7391,5956
1775,5957
2434,5958
708,5959
3166,5960
944,5961
2285,5962
2792,5963
9517,5964
10006,5965
628,5966
7235,5967
2425,5968
5297,5969
4561,5970
8792,5971
6141,5972
7937,5973
244,5974
7631,5975
8615,5976
5752,5977
2103,5978
1668,5979
1028,5980
3671,5981
7071,5982
2573,5983
1546,5984
7248,5985
5383,5986
5027,5987
836,5988
5225,5989
3702,5990
10106,5991
9353,5992
967,5993
1353,5994
4786,5995
5014,5996
5665,5997
4646,5998
5552,5999
1683,6000
10012,6001
3362,6002
5268,6003
8051,6004
3408,6005
1457,6006
2791,6007
9631,6008
3002,6009
1483,6010
2394,6011
3641,6012
1201,6013
7846,6014
9383,6015
3164,6016
7838,6017
2425,6018
8804,6019
2673,6020
3137,6021
1923,6022
5531,6023
2017,6024
2983,6025
823,6026
9938,6027
5478,6028
3085,6029
6118,6030
3434,6031
8881,6032
1617,6033
5306,6034
8203,6035
7912,6036
4582,6037
7506,6038
7216,6039
3564,6040
8683,6041
3625,6042
8074,6043
4541,6044
5971,6045
6755,6046
4198,6047
10042,6048
6961,6049
8733,6050
2196,6051
8576,6052
3592,6053
8457,6054
981,6055
7722,6056
6431,6057
1018,6058
4568,6059
1233,6060
5946,6061
1045,6062
1444,6063
2336,6064
6115,6065
7275,6066
7594,6067
9721,6068
736,6069
8068,6070
7071,6071
5297,6072
5355,6073
1013,6074
5272,6075
2368,6076
943,6077
7158,6078
4942,6079
1696,6080
8933,6081
463,6082
7365,6083
871,6084
6106,6085
347,6086
1896,6087
2544,6088
3148,6089
5617,6090
8354,6091
196,6092
8408,6093
2065,6094
9661,6095
4692,6096
944,6097
6627,6098
8721,6099
7957,6100
1633,6101
2345,6102
8031,6103
2111,6104
4141,6105
4684,6106
1025,6107
3366,6108
516,6109
5776,6110
3851,6111
9092,6112
2397,6113
6177,6114
6951,6115
2353,6116
8764,6117
8951,6118
3241,6119
2086,6120
5458,6121
4942,6122
6656,6123
8848,6124
4154,6125
5181,6126
6723,6127
6185,6128
1144,6129
244,6130
2545,6131
3745,6132
3671,6133
975,6134
3376,6135
7922,6136
5675,6137
8078,6138
4776,6139
7134,6140
6693,6141
5007,6142
9805,6143
3665,6144
1674,6145
2036,6146
3113,6147
6305,6148
1082,6149
3227,6150
451,6151
506,6152
4241,6153
2667,6154
9155,6155
7031,6156
8301,6157
3988,6158
3672,6159
7538,6160
4156,6161
4525,6162
1465,6163
1562,6164
8528,6165
1241,6166
711,6167
9053,6168
1083,6169
2238,6170
1644,6171
1831,6172
4828,6173
9653,6174
3127,6175
6377,6176
4442,6177
4681,6178
8492,6179
6485,6180
1142,6181
2621,6182
7526,6183
6287,6184
854,6185
9121,6186
1211,6187
2182,6188
2607,6189
3532,6190
1066,6191
8032,6192
5021,6193
7311,6194
9322,6195
4446,6196
2611,6197
3777,6198
2351,6199
1342,6200
2923,6201
9642,6202
2026,6203
5135,6204
8847,6205
4993,6206
4616,6207
6751,6208
5982,6209
2186,6210
6206,6211
5215,6212
9423,6213
6085,6214
868,6215
2626,6216
6178,6217
7975,6218
2503,6219
3181,6220
1237,6221
8367,6222
8028,6223
303,6224
1175,6225
4998,6226
7555,6227
4962,6228
5672,6229
7792,6230
4936,6231
1111,6232
2313,6233
2288,6234
1047,6235
6168,6236
2187,6237
4866,6238
2673,6239
5741,6240
3013,6241
237,6242
8898,6243
6254,6244
2086,6245
4025,6246
4478,6247
6084,6248
1575,6249
9555,6250
9352,6251
8428,6252
9788,6253
1618,6254
6077,6255
4593,6256
8622,6257
4473,6258
10005,6259
8065,6260
6995,6261
3917,6262
3668,6263
2277,6264
9895,6265
742,6266
7184,6267
1653,6268
8768,6269
3594,6270
9054,6271
4791,6272
2735,6273
5953,6274
8726,6275
2883,6276
571,6277
4438,6278
3795,6279
2742,6280
8883,6281
5618,6282
476,6283
4887,6284
502,6285
9763,6286
3373,6287
663,6288
3841,6289
3088,6290
8113,6291
4397,6292
4422,6293
9438,6294
3267,6295
3085,6296
6788,6297
8916,6298
8437,6299
704,6300
2033,6301
5975,6302
3123,6303
3901,6304
9948,6305
5972,6306
7372,6307
8861,6308
2956,6309
8686,6310
4737,6311
7237,6312
8503,6313
326,6314
1237,6315
954,6316
8015,6317
5922,6318
1434,6319
672,6320
2831,6321
7731,6322
3795,6323
8918,6324
7227,6325
5953,6326
7974,6327
6492,6328
4594,6329
7376,6330
2327,6331
1966,6332
6857,6333
7292,6334
4717,6335
3547,6336
1854,6337
9335,6338
9874,6339
5545,6340
6845,6341
3808,6342
826,6343
6614,6344
3233,6345
3517,6346
1315,6347
6471,6348
4571,6349
4655,6350
9383,6351
3418,6352
2072,6353
5755,6354
1375,6355
5151,6356
5176,6357
1703,6358
4426,6359
735,6360
5391,6361
8121,6362
5894,6363
2636,6364
5724,6365
422,6366
5118,6367
5655,6368
5172,6369
763,6370
5992,6371
8622,6372
2234,6373
2124,6374
7983,6375
6467,6376
2516,6377
8394,6378
7991,6379
7915,6380
6727,6381
1002,6382
7777,6383
2025,6384
8524,6385
2125,6386
2772,6387
4208,6388
5626,6389
6365,6390
6865,6391
9741,6392
778,6393
4587,6394
6656,6395
2315,6396
2552,6397
9685,6398
2247,6399
9742,6400
5181,6401
7374,6402
766,6403
8485,6404
7685,6405
674,6406
1645,6407
962,6408
111,6409
5754,6410
8062,6411
4168,6412
5766,6413
8563,6414
7658,6415
5292,6416
6748,6417
6118,6418
385,6419
1537,6420
8337,6421
9142,6422
972,6423
9823,6424
9958,6425
6861,6426
2616,6427
7244,6428
2702,6429
844,6430
8343,6431
7726,6432
9561,6433
7728,6434
4917,6435
818,6436
2237,6437
9858,6438
6774,6439
7614,6440
5455,6441
8797,6442
9771,6443
2672,6444
6326,6445
1417,6446
6707,6447
4416,6448
4665,6449
3656,6450
7094,6451
9216,6452
1632,6453
9713,6454
10023,6455
6825,6456
6451,6457
7416,6458
1293,6459
7022,6460
8173,6461
8215,6462
2284,6463
8172,6464
2633,6465
7028,6466
1565,6467
7942,6468
4452,6469
9596,6470
7848,6471
1545,6472
393,6473
8325,6474
9914,6475
3264,6476
3528,6477
6046,6478
7882,6479
121,6480
8753,6481
2097,6482
5301,6483
763,6484
5266,6485
8237,6486
1622,6487
6106,6488
414,6489
9216,6490
685,6491
9808,6492
4325,6493
5642,6494
4392,6495
3954,6496
3036,6497
2873,6498
3348,6499
1693,6500
3366,6501
8368,6502
9832,6503
8356,6504
5322,6505
6577,6506
6735,6507
2425,6508
9132,6509
5571,6510
8863,6511
2643,6512
4053,6513
8323,6514
7883,6515
9218,6516
6603,6517
2477,6518
9047,6519
3506,6520
2487,6521
2821,6522
7354,6523
3284,6524
3158,6525
8402,6526
4506,6527
4596,6528
5092,6529
2381,6530
3391,6531
8233,6532
7544,6533
7055,6534
9121,6535
3166,6536
4003,6537
6274,6538
7993,6539
9035,6540
8256,6541
4547,6542
691,6543
4625,6544
7043,6545
8733,6546
6282,6547
8104,6548
5401,6549
3551,6550
7978,6551
4385,6552
6674,6553
1187,6554
9301,6555
5608,6556
995,6557
9376,6558
2946,6559
2018,6560
6477,6561
3152,6562
4327,6563
7483,6564
6023,6565
3175,6566
9715,6567
1575,6568
4914,6569
9654,6570
10006,6571
1495,6572
4584,6573
7058,6574
3925,6575
4386,6576
5645,6577
206,6578
4337,6579
457,6580
9981,6581
177,6582
3617,6583
5544,6584
1692,6585
6801,6586
4043,6587
5423,6588
9833,6589
4805,6590
514,6591
4778,6592
3435,6593
387,6594
7362,6595
5602,6596
7363,6597
7608,6598
6096,6599
623,6600
1817,6601
6557,6602
2457,6603
8684,6604
1312,6605
7664,6606
7685,6607
3606,6608
4418,6609
1064,6610
3491,6611
8842,6612
10101,6613
2518,6614
683,6615
1382,6616
9622,6617
9736,6618
542,6619
886,6620
3112,6621
7566,6622
5608,6623
5758,6624
765,6625
2646,6626
7053,6627
3468,6628
604,6629
8837,6630
5145,6631
5911,6632
4153,6633
1146,6634
704,6635
7082,6636
3082,6637
1404,6638
2533,6639
3485,6640
325,6641
6266,6642
7578,6643
7254,6644
4083,6645
8335,6646
4374,6647
8697,6648
2063,6649
2476,6650
3436,6651
9677,6652
6672,6653
3904,6654
9988,6655
4477,6656
7586,6657
7051,6658
3638,6659
5325,6660
4307,6661
7741,6662
381,6663
1595,6664
4718,6665
4218,6666
4427,6667
6527,6668
3093,6669
2836,6670
8547,6671
3784,6672
802,6673
5092,6674
9004,6675
9215,6676
9767,6677
8744,6678
373,6679
2854,6680
135,6681
8942,6682
3608,6683
918,6684
2034,6685
6694,6686
3016,6687
1895,6688
7738,6689
8318,6690
1683,6691
4932,6692
7513,6693
1836,6694
7722,6695
5202,6696
3917,6697
8015,6698
8988,6699
3503,6700
5985,6701
6044,6702
6287,6703
5702,6704
9931,6705
2502,6706
8726,6707
6805,6708
7393,6709
2467,6710
1956,6711
8727,6712
6398,6713
8731,6714
5697,6715
1328,6716
5037,6717
258,6718
4531,6719
9453,6720
8424,6721
5491,6722
2384,6723
3646,6724
8778,6725
2967,6726
1648,6727
885,6728
3587,6729
4295,6730
4065,6731
7847,6732
4958,6733
4626,6734
4875,6735
917,6736
6111,6737
5855,6738
1065,6739
3544,6740
5761,6741
9665,6742
6727,6743
2642,6744
10054,6745
3843,6746
9623,6747
987,6748
8163,6749
357,6750
5811,6751
6187,6752
5401,6753
5206,6754
301,6755
7151,6756
8106,6757
8653,6758
7124,6759
5207,6760
4128,6761
5301,6762
5978,6763
7002,6764
3695,6765
4582,6766
4868,6767
7753,6768
4383,6769
2994,6770
8901,6771
3433,6772
2228,6773
9057,6774
7966,6775
1394,6776
3662,6777
8678,6778
1944,6779
7576,6780
6288,6781
1311,6782
4777,6783
3543,6784
5867,6785
3626,6786
5674,6787
6803,6788
3096,6789
8812,6790
545,6791
3291,6792
8342,6793
2788,6794
2488,6795
9844,6796
6353,6797
9512,6798
6348,6799
8847,6800
1225,6801
316,6802
2712,6803
9031,6804
7518,6805
9843,6806
1351,6807
8426,6808
8341,6809
2358,6810
9703,6811
8294,6812
1897,6813
5996,6814
3672,6815
3437,6816
6546,6817
9312,6818
2104,6819
6365,6820
2787,6821
2884,6822
5913,6823
1692,6824
6626,6825
9002,6826
875,6827
2856,6828
6612,6829
3495,6830
8915,6831
4442,6832
3601,6833
4703,6834
7301,6835
3377,6836
8992,6837
1703,6838
2082,6839
1497,6840
4731,6841
8324,6842
1377,6843
1781,6844
9867,6845
657,6846
412,6847
5391,6848
2717,6849
6498,6850
1751,6851
9116,6852
5741,6853
791,6854
8666,6855
5533,6856
9863,6857
4737,6858
9858,6859
5876,6860
8633,6861
2053,6862
3608,6863
5254,6864
7986,6865
2553,6866
4105,6867
9993,6868
6405,6869
4796,6870
5838,6871
5006,6872
5872,6873
8573,6874
4008,6875
6195,6876
3638,6877
9133,6878
7237,6879
9403,6880
138,6881
4712,6882
8213,6883
7856,6884
1955,6885
1012,6886
2807,6887
412,6888
371,6889
4158,6890
6718,6891
7306,6892
5135,6893
9265,6894
10028,6895
1525,6896
9425,6897
1706,6898
6006,6899
1917,6900
8081,6901
8805,6902
5903,6903
5756,6904
1445,6905
4626,6906
6076,6907
181,6908
7132,6909
5742,6910
3032,6911
7874,6912
6973,6913
10107,6914
3653,6915
6826,6916
9031,6917
4426,6918
4735,6919
2411,6920
9028,6921
7104,6922
7295,6923
4105,6924
1238,6925
8732,6926
8255,6927
3976,6928
5354,6929
9525,6930
4444,6931
2672,6932
2816,6933
1006,6934
8914,6935
8144,6936
3531,6937
8483,6938
3662,6939
1894,6940
